{"ent_coef": 0.0036463500585217383, "vf_coef": 0.8529805523043479, "n_epochs": 22, "modified_length": true, "modified_reward": true, "threshold": 157, "lr": 0.0015563699215209701}